fecha,diesel,extra,super
2022-02-23,2566.111,912.9055,30.554499999999997
2022-02-24,3004.958,1776.14,110.492
2022-02-25,2678.934,1872.792,91.355
2022-02-26,2033.831,1892.902,130.635
2022-02-27,1430.958,1456.885,106.864
2022-02-28,2520.226,1345.67,74.467
2022-03-01,2210.445,1205.812,92.476
2022-03-02,2893.974,1826.261,115.651
2022-03-03,2265.457,1896.838,75.272
2022-03-04,2387.461,1816.469,122.149
2022-03-05,1804.666,1840.368,95.339
2022-03-06,2321.118,1449.733,93.742
2022-03-07,2695.145,1709.271,77.032
2022-03-08,3114.671,1670.78,21.527
2022-03-09,2757.847,1769.183,88.994
2022-03-10,3289.687,1688.9089999999999,96.839
2022-03-11,2214.951,1645.871,149.792
2022-03-12,2973.646,1639.784,57.3196
2022-03-13,1798.299,1519.866,51.906
2022-03-14,2479.502,1862.735,63.334
2022-03-15,2483.375,1653.221,62.636
2022-03-16,3319.771,1503.11,49.897999999999996
2022-03-17,2692.485,1574.306,54.803
2022-03-18,2558.3269999999998,1639.502,64.824
2022-03-19,1816.27,1813.478,196.211
2022-03-20,1520.571,1377.583,132.464
2022-03-21,2954.396,1523.004,95.22
2022-03-22,3162.3559999999998,1426.059,70.851
2022-03-23,2809.098,1369.773,42.977000000000004
2022-03-24,2854.641,1646.997,83.834
2022-03-25,2661.563,1686.97,93.277
2022-03-26,3167.264,1732.918,25.194
2022-03-27,2269.685,1382.962,61.846000000000004
2022-03-28,3772.798,1593.404,86.87299999999999
2022-03-29,2897.538,1478.195,62.491
2022-03-30,3031.169,1550.573,57.43
2022-03-31,2504.17,1704.643,169.876
2022-04-01,2468.44,1551.9569999999999,49.728
2022-04-02,2367.376,1860.506,120.815
2022-04-03,1644.9189999999999,1347.693,75.432
2022-04-04,2625.199,1782.134,72.108
2022-04-05,2121.724,1674.761,99.53
2022-04-06,3719.925,1655.26,53.388999999999996
2022-04-07,3032.533,1857.704,105.41799999999999
2022-04-08,2502.676,1903.902,81.848
2022-04-09,1900.755,2034.235,100.088
2022-04-10,2033.764,1125.865,77.107
2022-04-11,2505.017,999.685,47.866
2022-04-12,3843.431,1612.173,36.138999999999996
2022-04-13,2588.302,1919.33,48.712
2022-04-14,2526.478,2179.27,48.528999999999996
2022-04-15,1684.186,1744.218,48.596000000000004
2022-04-16,1512.413,1752.681,22.383
2022-04-17,2292.518,1290.153,46.409
2022-04-18,3054.286,1723.629,62.096000000000004
2022-04-19,2605.61,1669.353,40.656
2022-04-20,3562.139,1694.4845,63.17
2022-04-21,3031.12,1640.236,38.822
2022-04-22,2513.46,1784.144,103.828
2022-04-23,2692.818,2129.037,219.482
2022-04-24,1681.42,1469.727,254.066
2022-04-25,2916.309,1603.687,50.51
2022-04-26,3240.732,1659.818,22.464
2022-04-27,2873.301,1651.836,33.876999999999995
2022-04-28,2531.504,1705.968,48.150000000000006
2022-04-29,2516.927,1790.746,61.197
2022-04-30,1958.773,2083.674,107.939
2022-05-01,1422.959,1402.825,101.334
2022-05-02,3028.777,1396.354,37.65
2022-05-03,2529.16,1862.358,61.673
2022-05-04,2685.376,1541.373,42.116
2022-05-05,2816.476,1913.009,46.57
2022-05-06,2457.693,1555.272,97.02199999999999
2022-05-07,1729.771,2109.856,56.336000000000006
2022-05-08,1179.033,1584.038,41.065999999999995
2022-05-09,3197.656,1576.502,53.376
2022-05-10,3212.931,1757.274,5.243
2022-05-11,4363.132,1699.967,42.620000000000005
2022-05-12,2419.156,1959.155,40.896
2022-05-13,2462.13,1727.7259999999999,53.483000000000004
2022-05-14,1495.02,1873.64,75.551
2022-05-15,1508.666,1364.503,44.527
2022-05-16,2668.241,1687.61,55.504
2022-05-17,3473.1730000000002,1587.523,14.465
2022-05-18,2866.364,1685.038,47.696
2022-05-19,2398.16,1801.766,53.429
2022-05-20,1907.083,1634.987,39.343
2022-05-21,1532.433,1645.229,27.965
2022-05-22,1055.587,1410.307,99.487
2022-05-23,2582.75,1485.7839999999999,36.176
2022-05-24,2293.155,1643.517,34.204
2022-05-25,2939.276,1557.259,40.712
2022-05-26,3279.527,1841.915,23.959
2022-05-27,2589.907,1855.373,21.201
2022-05-28,1512.427,2023.897,79.121
2022-05-29,1566.951,1341.472,42.399
2022-05-30,2793.7889999999998,1656.245,12.707
2022-05-31,2741.451,1751.979,28.433
2022-06-01,3554.742,1888.681,68.862
2022-06-02,2587.476,1783.398,48.644
2022-06-03,2011.501,1674.262,26.555999999999997
2022-06-04,1841.869,1770.515,53.183
2022-06-05,727.652,1380.25,48.546
2022-06-06,2766.213,1407.49,26.137
2022-06-07,3038.44,1631.136,12.379
2022-06-08,2848.683,1598.223,47.05
2022-06-09,2457.794,1779.056,18.977
2022-06-10,2148.003,1894.4,81.853
2022-06-11,2377.162,1872.261,90.312
2022-06-12,1757.681,2263.3,68.008
2022-06-13,1148.268,906.454,5.434
2022-06-14,494.464,287.732,1.091
2022-06-15,108.421,72.146,0.9790000000000001
2022-06-16,161.2,272.575,0.0
2022-06-17,265.43899999999996,697.455,0.0
2022-06-18,310.497,1277.297,5.547000000000001
2022-06-19,251.429,2492.264,45.974
2022-06-20,81.062,5.881,432.419
2022-06-21,209.832,2.001,0.0
2022-06-22,0.0,0.0,8.699
2022-06-23,0.0,0.0,3.589
2022-06-24,71.05,0.0,0.0
2022-06-25,113.536,0.0,0.0
2022-06-26,1076.859,3694.215,0.0
2022-06-27,1183.834,2288.88,5.0
2022-06-28,1058.492,0.026,0.0
2022-06-29,2019.268,2717.2090000000003,797.841
2022-06-30,1134.391,836.365,89.459
2022-07-01,2546.02,3588.0260000000003,46.872
2022-07-02,2881.607,1798.0910000000001,71.80199999999999
2022-07-03,2377.854,1418.314,78.531
2022-07-04,3525.199,1410.556,37.155
2022-07-05,2379.321,1530.391,27.436
2022-07-06,3384.348,1758.7430000000002,41.092
2022-07-07,2576.96,1673.582,35.946
2022-07-08,2257.355,1700.654,25.003
2022-07-09,2332.86,1554.471,57.946
2022-07-10,1923.169,1146.153,109.901
2022-07-11,2896.127,1349.1670000000001,45.956
2022-07-12,2930.141,1371.603,24.404
2022-07-13,2601.733,1415.069,16.406
2022-07-14,2501.997,1527.342,32.305
2022-07-15,2059.75,1435.135,22.103
2022-07-16,2418.632,1464.996,27.604
2022-07-17,1388.987,1173.615,40.627
2022-07-18,2876.489,1249.68,38.227000000000004
2022-07-19,2747.389,1309.462,17.847
2022-07-20,2125.832,1405.316,8.27
2022-07-21,2365.735,1527.038,53.230000000000004
2022-07-22,1478.467,1428.249,42.502
2022-07-23,1561.458,1404.411,57.176
2022-07-24,1327.934,1066.832,37.614999999999995
2022-07-25,2606.697,1275.1100000000001,12.007000000000001
2022-07-26,1957.196,1283.142,36.128
2022-07-27,2234.679,1215.643,7.803
2022-07-28,2664.562,1171.4180000000001,21.025
2022-07-29,2101.266,1596.9840000000002,20.267
2022-07-30,2208.137,1626.4270000000001,29.921
2022-07-31,1322.508,1014.481,26.235999999999997
2022-08-01,1654.561,1132.984,34.455
2022-08-02,2261.143,1111.305,15.604
2022-08-03,3098.012,1407.027,23.807000000000002
2022-08-04,2362.277,1529.131,28.005000000000003
2022-08-05,1975.399,1401.028,15.704
2022-08-06,1731.272,1643.592,29.248
2022-08-07,1559.873,1023.5640000000001,47.899
2022-08-08,2853.606,1312.028,38.628
2022-08-09,2246.183,1242.3110000000001,16.011
2022-08-10,2650.478,1414.239,31.906
2022-08-11,2438.251,1470.683,19.958
2022-08-12,1978.635,1346.6770000000001,50.795
2022-08-13,1199.887,1364.4850000000001,83.134
2022-08-14,1276.529,894.962,47.39
2022-08-15,2714.619,1251.7640000000001,21.246000000000002
2022-08-16,2762.954,1307.7730000000001,38.237
2022-08-17,1863.922,1244.753,23.532
2022-08-18,2703.697,1476.545,47.778
2022-08-19,1833.656,1434.851,48.464
2022-08-20,1944.826,1567.086,73.295
2022-08-21,973.639,946.403,70.97
2022-08-22,2598.04,1302.911,23.095
2022-08-23,2166.422,1309.144,52.719
2022-08-24,2308.43,1558.979,22.939
2022-08-25,1898.26,1431.172,41.16
2022-08-26,2251.348,1316.458,54.813
2022-08-27,1911.745,1508.5,76.974
2022-08-28,1012.3330000000001,902.2750000000001,98.606
2022-08-29,2975.068,1211.617,88.33
2022-08-30,1867.0720000000001,1326.482,48.626000000000005
2022-08-31,2631.384,1358.549,25.982999999999997
2022-09-01,2502.224,1452.188,33.515
2022-09-02,1836.127,1262.864,103.126
2022-09-03,1438.0230000000001,1612.074,103.424
2022-09-04,1308.584,1086.285,70.85
2022-09-05,3024.595,1284.666,20.298000000000002
2022-09-06,1964.059,1373.957,58.084
2022-09-07,2831.943,1488.288,57.896
2022-09-08,2494.257,1284.373,66.478
2022-09-09,2091.415,1332.6870000000001,42.889
2022-09-10,1415.917,1609.6390000000001,81.138
2022-09-11,909.254,911.297,110.569
2022-09-12,2345.506,1192.415,45.507000000000005
2022-09-13,2423.129,1275.372,64.751
2022-09-14,2044.83,1144.516,19.945
2022-09-15,2934.431,1444.362,33.063
2022-09-16,1671.044,1374.938,8.655
2022-09-17,2121.433,1426.813,40.499
2022-09-18,1088.658,1029.271,41.556000000000004
2022-09-19,2150.121,1166.191,30.126
2022-09-20,1969.736,1242.229,6.304
2022-09-21,2660.253,989.77,43.122
2022-09-22,1937.414,1126.566,41.331
2022-09-23,1887.9840000000002,1194.5030000000002,22.492
2022-09-24,1458.349,1154.31,26.154000000000003
2022-09-25,1548.362,794.368,8.178
2022-09-26,2720.496,917.758,60.545
2022-09-27,1962.343,1003.792,24.635
2022-09-28,1997.067,859.3820000000001,21.564
2022-09-29,2185.127,972.5260000000001,16.626
2022-09-30,2170.326,1078.24,49.143
2022-10-01,792.796,1218.237,16.887
2022-10-02,1286.894,812.875,23.506
2022-10-03,1702.273,817.774,15.338000000000001
2022-10-04,1812.616,910.418,16.357
2022-10-05,2073.85,877.2280000000001,39.332
2022-10-06,1900.258,1083.064,0.0
2022-10-07,1712.052,960.306,14.624
2022-10-08,1562.629,1098.932,38.234
2022-10-09,616.325,878.355,30.857
2022-10-10,2516.37,921.0690000000001,18.501
2022-10-11,1800.133,1066.656,0.862
2022-10-12,2570.208,1101.1970000000001,17.175
2022-10-13,2142.276,1307.458,31.528
2022-10-14,1980.777,1252.846,24.826999999999998
2022-10-15,1870.767,1279.174,20.409
2022-10-16,2011.616,908.564,31.778
2022-10-17,1731.221,1049.327,34.824
2022-10-18,2232.873,1133.775,23.501
2022-10-19,2114.073,1352.1490000000001,19.807000000000002
2022-10-20,2414.124,1192.147,22.374
2022-10-21,1816.549,1105.029,33.659000000000006
2022-10-22,1781.525,1372.544,9.057
2022-10-23,843.774,1005.518,41.189
2022-10-24,2770.42,1199.469,41.882
2022-10-25,2709.704,1198.864,4.94
2022-10-26,1970.837,1188.6770000000001,42.586
2022-10-27,2732.547,1257.0420000000001,27.296
2022-10-28,2645.205,1176.224,39.744
2022-10-29,1673.464,1327.079,26.349999999999998
2022-10-30,1058.6090000000002,980.044,13.883000000000001
2022-10-31,1764.354,1180.604,42.175
2022-11-01,2010.891,1091.349,33.939
2022-11-02,2439.583,1353.266,29.532
2022-11-03,2150.811,1378.3700000000001,39.908
2022-11-04,1110.554,1244.269,23.541
2022-11-05,1652.112,1156.372,45.432
2022-11-06,1441.303,1043.865,48.004999999999995
2022-11-07,2175.761,1131.851,11.645
2022-11-08,1953.125,1152.3980000000001,15.506
2022-11-09,2752.695,1169.345,17.685
2022-11-10,2276.746,1213.843,49.459
2022-11-11,1823.631,1118.503,15.687000000000001
2022-11-12,2067.821,1157.606,10.438
2022-11-13,1287.292,864.094,10.0
2022-11-14,2949.563,1144.611,19.369
2022-11-15,2428.538,1106.598,17.256999999999998
2022-11-16,2283.275,1195.291,14.501000000000001
2022-11-17,2675.931,1334.7150000000001,25.755000000000003
2022-11-18,1685.1480000000001,1343.3010000000002,23.119
2022-11-19,1780.4950000000001,1302.9650000000001,42.293
2022-11-20,1185.842,818.389,39.512
2022-11-21,2304.532,1112.136,46.137
2022-11-22,2428.4230000000002,1140.102,12.024000000000001
2022-11-23,2817.657,1163.053,7.5
2022-11-24,1989.871,1233.3780000000002,31.001
2022-11-25,2244.938,1201.97,12.248999999999999
2022-11-26,1748.499,1371.374,33.25
2022-11-27,1318.165,907.111,44.369
2022-11-28,2282.501,1085.663,7.5
2022-11-29,2151.805,1019.635,18.811999999999998
2022-11-30,2413.781,1225.154,9.26
2022-12-01,2147.92,1171.5320000000002,34.254
2022-12-02,2219.742,1254.923,74.084
2022-12-03,2181.449,1336.5130000000001,42.504
2022-12-04,1257.633,832.207,49.25
2022-12-05,1973.327,1103.2740000000001,49.681
2022-12-06,2186.113,1160.6090000000002,31.062
2022-12-07,2400.391,1210.9460000000001,24.004
2022-12-08,1981.7160000000001,1095.132,20.808
2022-12-09,1950.326,1349.122,26.883
2022-12-10,2337.046,1319.967,37.123
2022-12-11,1662.771,905.1260000000001,64.542
2022-12-12,1925.764,1102.276,11.254999999999999
2022-12-13,2274.107,1014.265,52.251000000000005
2022-12-14,3066.021,1220.89,33.001999999999995
2022-12-15,2471.598,1290.4,19.75
2022-12-16,1951.303,1271.808,61.945
2022-12-17,1432.412,1322.928,50.766999999999996
2022-12-18,1239.704,948.524,56.699
2022-12-19,2236.578,1133.563,33.749
2022-12-20,2520.709,1279.7,62.107
2022-12-21,2351.273,1305.4370000000001,36.376
2022-12-22,2533.667,1385.74,95.82
2022-12-23,1407.507,1422.635,30.537
2022-12-24,1359.825,1528.74,44.787
2022-12-25,658.721,962.299,26.878
2022-12-26,2291.721,1065.611,39.466
2022-12-27,2194.046,1331.145,35.75
2022-12-28,2381.915,1149.712,34.839
2022-12-29,2415.533,1285.022,21.0
2022-12-30,1745.233,1108.4550000000002,40.98
2022-12-31,320.609,267.312,3.502
2023-01-01,587.592,585.448,45.5
2023-01-02,1703.208,899.7660000000001,15.985
2023-01-03,2176.193,1121.68,25.878
2023-01-04,2114.212,1111.2740000000001,27.25
2023-01-05,2327.574,1282.134,27.689
2023-01-06,1544.534,1301.631,32.437
2023-01-07,2316.091,1255.501,66.133
2023-01-08,807.114,1014.081,44.758
2023-01-09,1770.2169999999999,971.3330000000001,46.007
2023-01-10,2051.068,1043.443,22.314
2023-01-11,2286.2,1262.852,38.506
2023-01-12,2305.219,1063.942,40.194
2023-01-13,2108.058,1378.319,36.260999999999996
2023-01-14,1804.1879999999999,1309.52,37.914
2023-01-15,1902.686,924.123,31.972
2023-01-16,1699.735,949.6940000000001,25.632
2023-01-17,1784.069,1065.974,14.952000000000002
2023-01-18,2369.582,1130.775,24.464999999999996
2023-01-19,1971.181,1491.876,10.646
2023-01-20,1711.905,1218.771,26.381
2023-01-21,1805.757,1188.548,73.864
2023-01-22,1659.024,1064.337,32.21
2023-01-23,2717.133,1045.073,21.769
2023-01-24,2059.108,1068.113,37.988
2023-01-25,1737.16,1112.493,65.798
2023-01-26,2203.764,1098.981,34.437
2023-01-27,2081.398,1207.005,39.282000000000004
2023-01-28,1635.711,1157.904,38.96
2023-01-29,1333.8210000000001,918.644,36.331
2023-01-30,1956.442,1019.8100000000001,31.584
2023-01-31,2422.405,1076.478,7.593999999999999
2023-02-01,1684.37,1254.805,27.851
2023-02-02,1995.578,1190.42,55.938
2023-02-03,1615.791,1121.593,71.666
2023-02-04,1837.189,1300.559,47.876
2023-02-05,971.381,1080.039,27.487000000000002
2023-02-06,2623.135,1017.721,54.007999999999996
2023-02-07,1876.821,1151.295,35.589
2023-02-08,2013.683,1170.838,19.049999999999997
2023-02-09,1904.445,1151.328,55.754
2023-02-10,2277.197,1224.7730000000001,54.940999999999995
2023-02-11,1525.905,1309.7530000000002,76.253
2023-02-12,1560.2150000000001,1051.412,15.254
2023-02-13,1712.819,1028.794,31.650000000000002
2023-02-14,2590.234,1101.828,40.95
2023-02-15,2423.122,1200.583,27.096999999999998
2023-02-16,2249.599,1227.958,44.903
2023-02-17,1868.342,1317.357,62.589
2023-02-18,1528.194,1391.712,51.8
2023-02-19,802.563,866.6320000000001,21.42
2023-02-20,1646.595,854.2090000000001,21.872999999999998
2023-02-21,1590.787,828.979,23.039
2023-02-22,2002.07,1105.708,33.727
2023-02-23,1933.073,1127.71,21.516
2023-02-24,1850.907,1216.0900000000001,19.495
2023-02-25,1530.479,1135.3980000000001,52.660000000000004
2023-02-26,1408.516,896.567,35.574
2023-02-27,1873.428,1046.6580000000001,34.184
2023-02-28,1920.2839999999999,1209.5420000000001,15.947000000000001
2023-03-01,1805.756,1075.775,31.781000000000002
2023-03-02,2143.413,1237.786,22.153
2023-03-03,1814.835,1393.911,35.269999999999996
2023-03-04,989.529,1367.607,55.230999999999995
2023-03-05,1517.388,1022.572,30.595
2023-03-06,2305.503,1059.867,82.703
2023-03-07,2077.896,1213.8600000000001,41.108999999999995
2023-03-08,2893.263,1022.462,61.608999999999995
2023-03-09,1873.25,1145.9,10.127
2023-03-10,2267.78,1100.371,71.277
2023-03-11,1647.532,1264.3700000000001,30.228
2023-03-12,1397.461,909.2710000000001,15.776
2023-03-13,1966.522,1147.862,25.253
2023-03-14,2414.979,1017.493,43.992
2023-03-15,2503.757,1033.765,54.179
2023-03-16,1866.61,1192.044,42.234
2023-03-17,1760.805,1209.202,23.799
2023-03-18,2993.594,1262.928,31.52
2023-03-19,1992.422,909.912,34.995000000000005
2023-03-20,2092.796,1032.443,36.25
2023-03-21,2755.681,1001.253,21.18
2023-03-22,2313.411,1172.943,64.83
2023-03-23,1886.175,1164.323,89.301
2023-03-24,1365.482,1064.1380000000001,109.44200000000001
2023-03-25,1610.641,1327.122,30.79
2023-03-26,1229.138,931.272,23.105
2023-03-27,2036.651,1022.3810000000001,24.421999999999997
2023-03-28,2356.062,984.374,19.671
2023-03-29,2666.676,1111.346,29.634
2023-03-30,1721.842,1161.305,82.255
2023-03-31,1666.0,1282.404,11.232
2023-04-01,1897.196,1160.118,43.9
2023-04-02,1588.946,983.664,43.099
2023-04-03,2101.32,1123.388,78.612
2023-04-04,2291.763,1083.238,20.252
2023-04-05,2049.189,1232.705,18.651
2023-04-06,1911.096,1151.467,28.299999999999997
2023-04-07,1267.303,998.2570000000001,32.168
2023-04-08,1341.8890000000001,1146.71,29.980999999999998
2023-04-09,735.172,1071.376,25.967
2023-04-10,1986.515,1221.18,70.318
2023-04-11,2081.96,1167.2160000000001,69.152
2023-04-12,2423.91,1182.221,9.748000000000001
2023-04-13,2439.572,1148.15,95.144
2023-04-14,2048.677,1270.954,25.442
2023-04-15,1431.792,1322.414,52.203
2023-04-16,1142.908,948.668,45.191
2023-04-17,2703.109,968.985,73.658
2023-04-18,1537.2350000000001,1209.837,47.546
2023-04-19,2885.452,1173.81,57.574000000000005
2023-04-20,1924.363,1218.392,52.0
2023-04-21,1786.9950000000001,1174.865,85.309
2023-04-22,1891.609,1206.671,45.031
2023-04-23,1252.055,945.907,114.576
2023-04-24,2202.236,1090.212,39.144
2023-04-25,2025.557,1155.336,37.468
2023-04-26,2446.628,1281.595,50.955
2023-04-27,2082.085,1079.866,33.147999999999996
2023-04-28,2207.779,1364.88,44.638
2023-04-29,1815.203,1539.988,50.681
2023-04-30,948.173,912.826,40.394
2023-05-01,2158.602,1030.111,41.316
2023-05-02,2395.1730000000002,1314.39,80.292
2023-05-03,2141.778,1186.173,75.086
2023-05-04,2062.888,1265.8110000000001,71.758
2023-05-05,2276.516,1264.538,69.926
2023-05-06,1738.056,1162.1290000000001,62.534
2023-05-07,659.728,942.3000000000001,80.449
2023-05-08,2185.353,1164.941,50.672
2023-05-09,2613.935,1155.928,36.533
2023-05-10,1762.54,1202.201,53.41
2023-05-11,2272.226,1151.375,67.938
2023-05-12,2138.908,1375.176,52.6
2023-05-13,1720.1770000000001,1513.203,88.975
2023-05-14,1519.0520000000001,1210.875,105.138
2023-05-15,1940.638,1108.886,38.533
2023-05-16,2627.256,1142.1770000000001,80.057
2023-05-17,2937.294,1160.868,31.116
2023-05-18,2434.18,1303.207,60.041000000000004
2023-05-19,2179.939,1316.0720000000001,59.887
2023-05-20,1542.539,1209.526,51.73
2023-05-21,1198.259,891.715,92.102
2023-05-22,1750.722,1170.497,39.081
2023-05-23,2492.371,981.9490000000001,66.004
2023-05-24,2284.455,1055.8990000000001,55.805
2023-05-25,1859.914,1141.44,60.421
2023-05-26,1873.932,1119.233,27.317
2023-05-27,1471.029,1194.92,64.669
2023-05-28,1310.181,785.923,58.941
2023-05-29,1764.884,955.0160000000001,52.891999999999996
2023-05-30,2677.648,1010.378,65.524
2023-05-31,2853.682,1202.791,24.611
2023-06-01,2347.0950000000003,1363.041,93.125
2023-06-02,1682.334,1183.596,71.96900000000001
2023-06-03,2126.977,1232.219,115.69
2023-06-04,1455.121,869.2760000000001,95.346
2023-06-05,3574.273,1178.272,52.479
2023-06-06,2699.334,1152.076,66.854
2023-06-07,2405.735,1092.964,72.46900000000001
2023-06-08,2595.758,1183.7820000000002,89.416
2023-06-09,1979.041,1230.557,43.668
2023-06-10,2081.442,1199.5810000000001,134.989
2023-06-11,1067.926,958.988,122.417
2023-06-12,2881.311,1112.016,81.069
2023-06-13,2502.496,1201.877,40.397
2023-06-14,2117.225,1294.7050000000002,40.813
2023-06-15,3853.21,1336.2160000000001,80.986
2023-06-16,1465.661,1451.4930000000002,80.619
2023-06-17,1961.219,1245.164,83.514
2023-06-18,1558.775,952.2710000000001,56.44199999999999
2023-06-19,2006.058,1184.91,89.728
2023-06-20,2283.527,1178.001,82.079
2023-06-21,2433.7980000000002,1062.241,30.131999999999998
2023-06-22,1921.538,1201.107,82.791
2023-06-23,2269.5860000000002,1286.851,113.296
2023-06-24,1551.511,1426.7450000000001,65.32
2023-06-25,810.181,907.3670000000001,132.26
2023-06-26,2617.987,1083.777,100.678
2023-06-27,3391.563,1149.4460000000001,54.714
2023-06-28,2654.988,1028.5710000000001,56.136
2023-06-29,1560.272,1239.809,96.943
2023-06-30,2166.4610000000002,1249.133,77.077
2023-07-01,1805.178,1389.896,80.19999999999999
2023-07-02,1211.377,939.998,104.631
2023-07-03,1521.237,1121.363,58.675
2023-07-04,2358.877,1220.483,98.03500000000001
2023-07-05,1966.267,1211.742,62.619
2023-07-06,2293.511,1275.6000000000001,100.405
2023-07-07,2626.559,1280.2440000000001,72.705
2023-07-08,2134.342,1213.8410000000001,107.535
2023-07-09,1188.0720000000001,835.097,68.495
2023-07-10,2190.88,1240.8880000000001,73.393
2023-07-11,2470.421,970.4200000000001,86.2
2023-07-12,2328.119,1153.002,49.717
2023-07-13,1661.885,1270.847,91.08200000000001
2023-07-14,1723.977,1235.755,89.313
2023-07-15,2328.8940000000002,1416.357,73.91
2023-07-16,1019.518,1044.001,73.185
2023-07-17,2995.832,1060.57,86.843
2023-07-18,2887.856,1179.538,64.897
2023-07-19,2314.676,1202.73,36.43
2023-07-20,2769.129,1217.718,60.281
2023-07-21,2241.818,1332.2920000000001,117.704
2023-07-22,2100.132,1367.851,72.593
2023-07-23,871.407,955.7080000000001,170.242
2023-07-24,2068.654,1239.989,54.982
2023-07-25,2615.551,1082.144,64.205
2023-07-26,2726.55,1264.4080000000001,56.533
2023-07-27,2463.508,1102.8110000000001,110.935
2023-07-28,2129.429,1059.1000000000001,87.4
2023-07-29,2254.284,1270.25,105.487
2023-07-30,1803.382,915.57,70.682
2023-07-31,2380.98,1063.435,47.961999999999996
2023-08-01,2405.259,1409.15,69.36500000000001
2023-08-02,2397.993,1100.903,61.675
2023-08-03,2553.783,1174.166,93.385
2023-08-04,1662.148,1134.364,76.824
2023-08-05,1716.768,1444.632,109.775
2023-08-06,1390.501,917.5400000000001,153.715
2023-08-07,3463.54,1007.503,47.088
2023-08-08,2578.937,1207.111,67.111
2023-08-09,2071.112,1080.972,24.267
2023-08-10,1965.362,1262.791,61.958
2023-08-11,2477.437,1133.924,141.243
2023-08-12,1520.061,1288.022,41.5
2023-08-13,1416.831,899.967,19.661
2023-08-14,2050.458,1031.295,8.257
2023-08-15,2402.803,1263.1670000000001,20.599
2023-08-16,1748.65,1334.755,38.588
2023-08-17,1963.674,1043.509,37.227000000000004
2023-08-18,2822.283,1212.608,33.903999999999996
2023-08-19,1192.184,1277.063,68.145
2023-08-20,1557.3509999999999,998.3670000000001,33.333
2023-08-21,3756.312,1092.789,46.345
2023-08-22,2030.974,1063.58,77.649
2023-08-23,2937.745,1210.8790000000001,43.586999999999996
2023-08-24,1896.806,1264.655,49.875
2023-08-25,2066.852,1288.9850000000001,14.418
2023-08-26,1687.1970000000001,1433.797,54.973
2023-08-27,1175.28,888.711,26.083
2023-08-28,3350.723,970.729,50.79
2023-08-29,3372.853,1247.5910000000001,34.247
2023-08-30,2277.067,1012.2800000000001,12.682
2023-08-31,2924.823,1201.284,45.351
2023-09-01,1842.151,1310.413,50.835
2023-09-02,1995.3980000000001,1293.006,40.984
2023-09-03,1254.214,885.456,29.042
2023-09-04,2418.19,1177.323,31.821
2023-09-05,1960.877,1225.277,31.654999999999998
2023-09-06,1990.055,1156.462,30.675
2023-09-07,2007.709,1057.95,48.839
2023-09-08,2156.109,1311.54,30.255
2023-09-09,1647.978,1241.243,25.76
2023-09-10,1416.275,902.6840000000001,20.001
2023-09-11,2180.628,1162.689,32.25
2023-09-12,2059.358,1092.468,24.330000000000002
2023-09-13,2577.758,1178.117,33.612
2023-09-14,2246.646,1190.046,63.632000000000005
2023-09-15,1772.415,1233.508,37.208
2023-09-16,1319.637,1340.155,30.976
2023-09-17,1335.772,843.7620000000001,62.176
2023-09-18,2369.114,1094.726,53.912000000000006
2023-09-19,2132.548,1339.618,16.201
2023-09-20,2293.249,1189.239,19.512
2023-09-21,2090.68,1341.126,48.782000000000004
2023-09-22,2145.962,1210.914,40.598
2023-09-23,1122.439,1330.2240000000002,55.486000000000004
2023-09-24,902.136,873.1370000000001,52.584
2023-09-25,2391.989,1129.296,66.682
2023-09-26,2503.904,1081.4940000000001,60.777
2023-09-27,2024.669,1107.594,54.169
2023-09-28,2547.299,1128.961,12.98
2023-09-29,2316.393,1310.796,22.854000000000003
2023-09-30,1421.76,1421.912,38.837
2023-10-01,1537.154,942.289,87.1
2023-10-02,2968.147,1231.691,89.784
2023-10-03,2598.28,1141.528,14.051000000000002
2023-10-04,2165.608,1192.781,28.382
2023-10-05,2051.241,1202.948,88.311
2023-10-06,1974.854,1213.854,39.44
2023-10-07,1624.886,1315.364,59.714
2023-10-08,415.28700000000003,865.479,70.077
2023-10-09,2176.656,986.3330000000001,29.783
2023-10-10,2145.559,1152.45,45.125
2023-10-11,3231.042,1267.804,26.072000000000003
2023-10-12,2922.583,1086.122,43.812
2023-10-13,2028.976,1191.288,42.826
2023-10-14,2024.4170000000001,1331.886,35.446
2023-10-15,1390.284,1062.755,35.709
2023-10-16,2252.134,1214.087,32.175
2023-10-17,2052.238,1095.425,71.53999999999999
2023-10-18,2438.96,1178.7930000000001,36.207
2023-10-19,2482.498,1284.3700000000001,40.734
2023-10-20,2636.474,1193.622,21.34
2023-10-21,1033.088,1209.2730000000001,23.46
2023-10-22,1045.733,838.86,66.426
2023-10-23,3531.528,1142.4360000000001,30.813
2023-10-24,3627.601,1194.95,42.272999999999996
2023-10-25,2269.5860000000002,1178.547,31.17
2023-10-26,2414.431,1269.557,23.814
2023-10-27,2095.798,1254.83,51.803
2023-10-28,1783.313,1142.635,35.023
2023-10-29,1738.76,945.0790000000001,21.835
2023-10-30,1928.546,1152.104,46.104
2023-10-31,2116.6639999999998,1239.1390000000001,33.583
2023-11-01,2447.148,1388.846,29.521
2023-11-02,1849.591,1419.808,79.499
2023-11-03,1043.484,1227.357,38.807
2023-11-04,1266.32,1384.787,20.289
2023-11-05,1338.54,942.432,39.798
2023-11-06,2337.002,1288.806,37.155
2023-11-07,2416.585,961.4770000000001,15.766
2023-11-08,2561.443,1288.159,20.405
2023-11-09,2312.602,1250.269,31.572
2023-11-10,1783.131,1156.64,44.532000000000004
2023-11-11,1861.533,1140.8300000000002,14.284
2023-11-12,933.212,934.246,24.109
2023-11-13,2292.059,1096.595,25.738
2023-11-14,2979.221,1082.803,34.823
2023-11-15,2336.91,1140.498,35.373000000000005
2023-11-16,2625.2780000000002,1075.7440000000001,10.721
2023-11-17,2115.666,1244.501,32.472
2023-11-18,1853.2549999999999,1414.016,28.106
2023-11-19,1683.674,973.5060000000001,40.24
2023-11-20,4274.554,1108.7160000000001,40.605000000000004
2023-11-21,2594.411,1192.415,28.459
2023-11-22,3030.975,1106.2060000000001,33.37
2023-11-23,2244.326,1192.895,77.333
2023-11-24,2688.121,1165.844,68.606
2023-11-25,1443.915,1191.77,19.886
2023-11-26,2113.414,1026.9940000000001,23.691
2023-11-27,2526.738,1106.5040000000001,25.817999999999998
2023-11-28,2252.9990000000003,1092.528,15.716
2023-11-29,3594.826,1154.238,42.012
2023-11-30,1800.523,1206.511,20.973999999999997
2023-12-01,2534.206,1271.864,33.225
2023-12-02,1042.522,1367.839,39.181
2023-12-03,1824.147,883.145,37.384
2023-12-04,2860.266,1026.584,30.605
2023-12-05,2236.329,1154.797,21.046
2023-12-06,3352.6549999999997,1146.6280000000002,21.155
2023-12-07,1945.691,1169.876,24.961000000000002
2023-12-08,2500.8450000000003,1182.75,29.55
2023-12-09,2044.125,1386.1470000000002,34.393
2023-12-10,1756.993,857.157,66.525
2023-12-11,3089.832,1042.823,64.17999999999999
2023-12-12,2269.765,1231.659,41.163
2023-12-13,3842.885,1150.271,32.43
2023-12-14,2331.61,1311.365,90.634
2023-12-15,2624.89,1327.9070000000002,43.485
2023-12-16,1421.8020000000001,1503.1190000000001,82.10300000000001
2023-12-17,1807.571,930.4580000000001,78.503
2023-12-18,2079.63,1355.565,46.855000000000004
2023-12-19,2702.817,1235.992,50.489000000000004
2023-12-20,3076.792,1292.547,44.685
2023-12-21,2274.934,1379.9,28.726
2023-12-22,2397.466,1381.084,82.456
2023-12-23,1616.594,1378.2630000000001,43.432
2023-12-24,712.118,1045.306,36.286
2023-12-25,1491.531,974.769,22.856
2023-12-26,2674.996,1130.384,38.857
2023-12-27,2325.416,1254.877,44.869
2023-12-28,2427.556,1148.431,75.182
2023-12-29,2294.4030000000002,1257.127,53.459
2023-12-30,1699.891,1609.565,75.473
2023-12-31,181.00300000000001,195.327,0.0
2024-01-01,789.8720000000001,660.7860000000001,27.428
2024-01-02,1890.388,1237.387,72.533
2024-01-03,2478.522,1101.1470000000002,67.786
2024-01-04,2383.796,1189.662,28.292
2024-01-05,2288.076,1175.633,52.184000000000005
2024-01-06,2263.884,1179.116,55.79600000000001
2024-01-07,1614.679,1048.8020000000001,34.092
2024-01-08,2625.422,813.301,44.876
2024-01-09,1081.59,641.9730000000001,28.284
2024-01-10,1798.75,431.562,12.575
2024-01-11,1104.22,230.681,28.57
2024-01-12,684.7850000000001,62.085,6.289
2024-01-13,1375.863,116.066,11.428
2024-01-14,44.472,13.707,0.0
2024-01-15,1605.416,353.72,25.43
2024-01-16,1882.699,494.22200000000004,44.363
2024-01-17,1606.522,454.94800000000004,27.997
2024-01-18,2063.498,478.629,21.713
2024-01-19,1342.101,489.517,28.723
2024-01-20,1138.622,575.717,34.222
2024-01-21,772.413,388.322,22.569000000000003
2024-01-22,1658.87,653.322,43.467
2024-01-23,1856.7939999999999,493.108,32.645
2024-01-24,1702.7630000000001,600.692,16.862000000000002
2024-01-25,1797.475,672.7330000000001,58.797000000000004
2024-01-26,1491.306,529.6850000000001,29.004
2024-01-27,1508.097,592.196,56.627
2024-01-28,812.604,532.564,17.144000000000002
2024-01-29,1055.914,500.783,27.288
2024-01-30,1847.992,617.702,13.436
2024-01-31,1751.155,629.7950000000001,37.998999999999995
2024-02-01,1766.913,648.753,61.737
2024-02-02,1138.3632,696.953,26.644000000000002
2024-02-03,1116.941,731.095,39.641999999999996
2024-02-04,899.298,457.73,46.576
2024-02-05,1201.46,545.464,29.737999999999996
2024-02-06,1882.345,768.4250000000001,28.198
2024-02-07,1624.374,768.527,13.714
2024-02-08,1329.675,869.837,19.456
2024-02-09,1860.691,709.534,30.001
2024-02-10,1194.453,919.806,47.287
2024-02-11,736.274,556.2180000000001,17.526
2024-02-12,1185.421,641.123,49.330999999999996
2024-02-13,1495.316,546.061,37.169000000000004
2024-02-14,1213.405,832.142,24.445999999999998
2024-02-15,2470.115,734.191,37.921
2024-02-16,1663.824,804.044,37.616
2024-02-17,1485.454,625.0070000000001,57.867000000000004
2024-02-18,693.284,669.9,40.499
2024-02-19,1949.688,810.902,22.221
2024-02-20,1699.576,665.4680000000001,17.977
2024-02-21,2130.993,567.033,31.39
2024-02-22,1458.815,722.333,22.5
2024-02-23,1980.322,849.426,64.832
2024-02-24,926.816,790.4630000000001,46.620000000000005
2024-02-25,617.328,545.8960000000001,50.973
2024-02-26,1687.96,661.8960000000001,44.379
2024-02-27,2027.818,681.8670000000001,31.837
2024-02-28,1750.797,696.773,48.342
2024-02-29,1881.959,698.061,8.47
2024-03-01,1172.667,604.96,59.494
2024-03-02,1411.103,876.062,54.638000000000005
2024-03-03,1459.578,549.716,37.061
2024-03-04,1986.264,618.735,23.064
2024-03-05,2015.913,750.469,12.444
2024-03-06,1817.003,800.068,15.956
2024-03-07,1204.173,799.503,23.332
2024-03-08,1585.234,812.5110000000001,50.557
2024-03-09,1103.364,785.558,43.054
2024-03-10,561.479,668.587,36.961
2024-03-11,1697.372,801.053,55.269999999999996
2024-03-12,2217.128,646.203,30.787
2024-03-13,2107.43,594.47,19.118000000000002
2024-03-14,2270.477,804.716,34.181
2024-03-15,1480.265,696.765,44.741
2024-03-16,1415.057,871.169,23.672
2024-03-17,791.4110000000001,550.349,21.178
2024-03-18,2156.532,651.505,5.787
2024-03-19,1735.067,804.022,21.274
2024-03-20,1842.255,662.696,14.689
2024-03-21,1699.453,728.164,21.842
2024-03-22,1703.6860000000001,752.331,56.012
2024-03-23,1666.746,850.587,18.027
2024-03-24,1123.823,566.044,33.683
2024-03-25,1632.362,699.34,30.723
2024-03-26,2656.157,767.931,46.687
2024-03-27,1732.833,724.335,67.991
2024-03-28,1600.435,793.113,43.243
2024-03-29,957.6460000000001,607.6,18.79
2024-03-30,840.349,705.172,56.526
2024-03-31,1008.229,586.457,7.367999999999999
2024-04-01,1553.625,454.872,25.512
2024-04-02,2533.787,645.879,35.422
2024-04-03,1790.337,673.225,40.223
2024-04-04,1699.211,787.321,37.635
2024-04-05,2164.606,676.217,52.379999999999995
2024-04-06,1303.17,751.368,92.037
2024-04-07,912.219,547.352,27.975
2024-04-08,2638.856,576.7189999999999,36.976
2024-04-09,2088.038,636.625,25.13
2024-04-10,1914.418,707.129,79.401
2024-04-11,1688.263,643.153,20.525
2024-04-12,1578.47,793.897,44.637
2024-04-13,2239.183,814.89,25.636
2024-04-14,533.6270000000001,717.097,6.273
2024-04-15,2365.701,667.519,37.157000000000004
2024-04-16,2347.426,568.457,9.256
2024-04-17,1404.147,616.478,1.255
2024-04-18,1895.3,580.824,28.261
2024-04-19,1385.344,539.316,44.535
2024-04-20,1931.682,688.415,11.503
2024-04-21,811.874,699.938,7.509
2024-04-22,1673.28,623.5889999999999,22.79
2024-04-23,1900.713,759.783,22.313999999999997
2024-04-24,3068.274,616.191,41.107
2024-04-25,1814.948,649.107,31.504
2024-04-26,1648.3890000000001,778.811,31.76
2024-04-27,1311.506,784.62,33.757
2024-04-28,888.0440000000001,568.927,12.506
2024-04-29,2645.034,727.631,21.346
2024-04-30,1619.564,681.333,11.565
2024-05-01,1700.4170000000001,599.672,26.253
2024-05-02,1506.112,778.952,12.502
2024-05-03,1402.1850000000002,658.947,45.715
2024-05-04,1341.595,844.049,20.933
2024-05-05,914.37,598.952,12.752
2024-05-06,1977.346,728.949,30.384
2024-05-07,1800.691,683.371,22.541
2024-05-08,2958.385,622.34,21.545
2024-05-09,1824.271,780.306,25.256
2024-05-10,1752.6970000000001,832.1659999999999,37.151
2024-05-11,909.513,762.901,28.759
2024-05-12,1001.029,597.42,23.283
2024-05-13,1538.984,688.984,13.398
2024-05-14,2962.998,767.425,16.568
2024-05-15,1840.119,677.665,34.35
2024-05-16,2485.663,711.897,24.360999999999997
2024-05-17,1655.2250000000001,710.317,62.227
2024-05-18,1519.8020000000001,804.461,12.982
2024-05-19,548.396,428.992,22.085
2024-05-20,1801.265,576.519,36.356
2024-05-21,2617.943,755.193,5.054
2024-05-22,1830.997,710.25,26.29
2024-05-23,1653.423,748.182,31.542
2024-05-24,1731.691,673.048,21.759
2024-05-25,1296.644,821.183,37.812
2024-05-26,568.6419999999999,563.97,33.323
2024-05-27,1525.493,807.314,23.052
2024-05-28,2370.273,672.212,27.526999999999997
2024-05-29,1722.761,746.798,25.543
2024-05-30,2204.521,786.347,11.451
2024-05-31,1085.597,798.421,22.201
2024-06-01,1225.018,864.818,63.973
2024-06-02,820.932,534.718,17.052
2024-06-03,1471.116,721.116,13.676
2024-06-04,2105.601,546.711,20.475
2024-06-05,1703.632,693.603,15.591999999999999
2024-06-06,1783.3600000000001,679.584,4.872
2024-06-07,1486.9180000000001,734.778,34.862
2024-06-08,1012.859,618.121,36.663
2024-06-09,1142.523,543.96,36.885999999999996
2024-06-10,2050.83,744.125,34.354
2024-06-11,1936.691,755.964,19.33
2024-06-12,2022.1090000000002,742.24,29.004
2024-06-13,3141.391,781.324,10.661
2024-06-14,1402.204,694.579,38.128
2024-06-15,1320.816,726.285,14.999
2024-06-16,968.763,569.2479999999999,39.688
2024-06-17,1529.875,705.11,7.0
2024-06-18,1853.718,668.926,12.561
2024-06-19,2432.621,659.304,47.297
2024-06-20,1700.429,731.287,32.900999999999996
2024-06-21,2421.669,720.231,12.514
2024-06-22,1551.837,741.747,27.602
2024-06-23,961.462,475.116,41.999
2024-06-24,1492.871,651.684,18.264
2024-06-25,1720.225,683.735,3.5460000000000003
2024-06-26,1793.261,631.066,6.0
2024-06-27,2707.252,1149.467,55.395
2024-06-28,1271.518,474.176,22.384
2024-06-29,1426.462,627.195,29.001
2024-06-30,707.288,510.27500000000003,31.924999999999997
2024-07-01,2554.886,641.268,41.966
2024-07-02,2445.812,563.592,6.272
2024-07-03,2528.274,660.191,30.249000000000002
2024-07-04,1935.088,651.218,38.918
2024-07-05,1443.6870000000001,635.885,63.525999999999996
2024-07-06,1043.96,643.837,1.006
2024-07-07,1011.984,495.065,11.751999999999999
2024-07-08,2113.93,592.147,38.899
2024-07-09,1922.28,754.808,17.369
2024-07-10,1933.017,651.968,12.0
2024-07-11,2407.538,778.534,37.277
2024-07-12,1377.124,698.361,7.105
2024-07-13,1128.102,772.139,18.119999999999997
2024-07-14,1362.36,594.684,10.526
2024-07-15,1630.3410000000001,712.198,29.886000000000003
2024-07-16,2569.34,582.402,12.695
2024-07-17,1217.522,603.081,12.504999999999999
2024-07-18,1909.394,584.561,7.369
2024-07-19,1240.312,686.719,23.927
2024-07-20,1239.69,599.086,7.527
2024-07-21,1262.987,453.06600000000003,24.208
2024-07-22,2180.598,575.395,11.841999999999999
2024-07-23,1804.237,560.404,41.637
2024-07-24,1522.381,568.129,65.669
2024-07-25,1826.4260000000002,592.653,3.98
2024-07-26,2321.572,608.359,94.011
2024-07-27,954.485,711.365,32.992000000000004
2024-07-28,768.5120000000001,544.871,39.952
2024-07-29,1544.654,601.429,10.142999999999999
2024-07-30,1593.862,644.422,17.107
2024-07-31,2049.082,705.699,21.848
2024-08-01,2648.587,660.665,23.680999999999997
2024-08-02,1009.436,658.027,64.186
2024-08-03,1177.907,755.381,11.213999999999999
2024-08-04,680.639,492.48,28.397
2024-08-05,1063.778,533.211,5.263
2024-08-06,2364.067,763.018,33.317
2024-08-07,1261.139,618.454,40.896
2024-08-08,2123.648,727.944,44.742
2024-08-09,1132.082,674.707,24.082
2024-08-10,1063.023,694.924,41.849000000000004
2024-08-11,833.9780000000001,444.569,27.073
2024-08-12,1160.977,639.375,31.333
2024-08-13,2226.695,658.315,21.051
2024-08-14,1364.075,749.683,28.741999999999997
2024-08-15,2301.725,647.149,15.216
2024-08-16,1673.833,740.845,22.253
2024-08-17,1041.852,805.285,24.051000000000002
2024-08-18,899.766,423.24,37.656
2024-08-19,2202.536,654.886,19.516
2024-08-20,1333.951,535.3820000000001,18.723
2024-08-21,2342.819,621.937,23.857
2024-08-22,1609.585,645.61,20.258
2024-08-23,1554.675,665.721,30.645
2024-08-24,1680.2740000000001,686.057,30.511
2024-08-25,964.4110000000001,468.67600000000004,19.038999999999998
2024-08-26,1336.715,582.0070000000001,12.567
2024-08-27,2681.285,650.116,33.097
2024-08-28,2222.4,589.54,30.901000000000003
2024-08-29,1913.724,606.778,16.665999999999997
2024-08-30,1766.8790000000001,946.879,57.294
2024-08-31,891.4300000000001,887.539,12.564
2024-09-01,994.4580000000001,513.2,30.969
2024-09-02,1525.1779999999999,654.481,33.594
2024-09-03,1892.042,602.676,20.795
2024-09-04,1969.848,755.499,22.067999999999998
2024-09-05,1908.73,684.374,55.435
2024-09-06,1351.742,659.59,3.846
2024-09-07,1390.142,769.287,51.324
2024-09-08,692.744,500.50100000000003,8.129
2024-09-09,1851.574,569.894,5.643000000000001
2024-09-10,1630.262,629.249,2.564
2024-09-11,1618.86,693.243,33.751
2024-09-12,1686.086,782.823,15.734
2024-09-13,1521.62,932.629,10.996
2024-09-14,1196.454,715.975,18.603
2024-09-15,797.075,434.392,34.136
2024-09-16,2014.147,606.106,8.418
2024-09-17,3070.994,655.611,40.063
2024-09-18,1818.834,706.224,13.332999999999998
2024-09-19,1943.863,746.2330000000001,12.268999999999998
2024-09-20,1219.284,811.962,37.16
2024-09-21,1475.721,722.318,55.028999999999996
2024-09-22,1089.658,517.776,37.003
2024-09-23,1462.348,601.736,47.04
2024-09-24,2360.485,590.626,30.409
2024-09-25,1517.221,653.716,22.131999999999998
2024-09-26,1846.377,608.943,63.984
2024-09-27,1521.191,681.6129999999999,0.0
2024-09-28,1187.277,786.359,67.866
2024-09-29,1032.44,496.354,24.011
2024-09-30,1770.767,616.831,14.74
2024-10-01,2199.087,747.996,14.941
2024-10-02,1941.499,776.678,12.002
2024-10-03,1589.953,856.61,49.685
2024-10-04,1079.407,475.82,32.567
2024-10-05,1292.2060000000001,671.318,40.928
2024-10-06,924.594,499.664,2.6660000000000004
2024-10-07,2191.165,569.037,14.947
2024-10-08,1614.9479999999999,665.581,8.014
2024-10-09,2923.869,695.265,18.666
2024-10-10,1798.033,600.291,65.729
2024-10-11,1662.9660000000001,645.85,35.342
2024-10-12,1186.392,742.79,42.028000000000006
2024-10-13,847.105,498.29,14.322
2024-10-14,1516.74,632.712,31.707
2024-10-15,2121.743,667.727,36.510999999999996
2024-10-16,1840.324,651.0,19.677999999999997
2024-10-17,1755.056,743.49,48.438
2024-10-18,1481.653,797.92,28.141
2024-10-19,1515.171,728.04,51.574
2024-10-20,902.598,527.459,19.649
2024-10-21,1962.4460000000001,713.479,32.974000000000004
2024-10-22,1731.8890000000001,816.293,38.823
2024-10-23,1853.575,715.267,22.701
2024-10-24,1698.47,758.217,47.013
2024-10-25,1600.411,616.533,52.574
2024-10-26,1057.782,769.331,57.718
2024-10-27,903.431,557.86,33.489000000000004
2024-10-28,1707.464,587.9830000000001,20.272000000000002
2024-10-29,1764.114,629.059,44.37
2024-10-30,3048.766,761.614,10.493
2024-10-31,1514.456,805.031,56.254
2024-11-01,1165.016,752.72,62.027
2024-11-02,766.2570000000001,733.994,72.234
2024-11-03,610.885,575.3,59.86
2024-11-04,1465.438,518.36,26.578000000000003
2024-11-05,1801.894,792.683,44.733999999999995
2024-11-06,1745.0810000000001,699.815,41.503
2024-11-07,1896.1480000000001,645.7090000000001,38.102000000000004
2024-11-08,1673.839,766.69,41.912
2024-11-09,1428.473,735.33,37.033
2024-11-10,1103.065,447.806,44.887
2024-11-11,1441.344,557.248,48.462999999999994
2024-11-12,2044.708,694.521,21.604000000000003
2024-11-13,1758.142,686.902,41.667
2024-11-14,2052.918,723.385,57.635
2024-11-15,1767.631,682.376,31.121000000000002
2024-11-16,1217.499,888.078,106.72800000000001
2024-11-17,744.037,459.366,35.844
2024-11-18,1464.392,682.083,71.975
2024-11-19,2582.216,669.25,33.299
2024-11-20,1448.565,664.475,44.074
2024-11-21,1981.5520000000001,703.679,46.581
2024-11-22,1435.372,787.713,31.414
2024-11-23,1069.948,702.867,43.492000000000004
2024-11-24,660.5020000000001,584.7280000000001,73.434
2024-11-25,1186.0910000000001,658.7760000000001,46.567
2024-11-26,3123.55,618.783,66.24900000000001
2024-11-27,1904.847,712.7330000000001,21.072
2024-11-28,2346.721,702.8820000000001,61.053000000000004
2024-11-29,546.278,826.657,61.54900000000001
2024-11-30,1936.851,661.417,35.572
2024-12-01,952.1320000000001,505.204,40.442
2024-12-02,1704.594,715.767,28.252
2024-12-03,2379.363,646.7760000000001,43.269000000000005
2024-12-04,2408.6910000000003,625.2810000000001,63.908
2024-12-05,2437.814,607.837,68.292
2024-12-06,2034.517,689.095,83.21
2024-12-07,1746.045,815.3580000000001,25.354
2024-12-08,1633.784,670.13,44.613
2024-12-09,1870.637,597.9350000000001,14.604000000000001
2024-12-10,2746.4,739.892,45.767
2024-12-11,1860.634,744.969,42.202
2024-12-12,2706.18,632.142,37.032000000000004
2024-12-13,1495.6570000000002,722.0,90.224
2024-12-14,1624.882,880.331,66.672
2024-12-15,926.067,595.12,49.499
2024-12-16,2011.393,824.056,59.559000000000005
2024-12-17,2165.949,722.905,52.119
2024-12-18,2017.986,783.323,18.551000000000002
2024-12-19,3191.937,760.97,51.336
2024-12-20,1990.771,819.503,86.411
2024-12-21,877.193,626.559,29.115000000000002
2024-12-22,1151.534,496.706,61.05800000000001
2024-12-23,1898.058,701.056,60.637
2024-12-24,1447.503,657.389,37.877
2024-12-25,632.422,565.778,23.069000000000003
2024-12-26,1692.526,811.125,58.596000000000004
2024-12-27,1795.49,726.27,35.624
2024-12-28,1478.557,706.674,64.56700000000001
2024-12-29,956.444,472.589,57.815
2024-12-30,1704.213,716.742,86.971
2024-12-31,473.104,122.56700000000001,5.797000000000001
2025-01-01,157.948,297.251,18.551000000000002
2025-01-02,1560.961,558.741,47.842
2025-01-03,684.225,693.199,33.581
2025-01-04,1176.026,632.8870000000001,55.477000000000004
2025-01-05,787.59,627.618,47.996
2025-01-06,1381.087,601.777,54.843
2025-01-07,1874.5130000000001,602.352,24.042
2025-01-08,2420.223,749.79,33.289
2025-01-09,1894.693,617.171,84.465
2025-01-10,2166.955,655.666,82.93599999999999
2025-01-11,1186.8310000000001,703.92,55.869
2025-01-12,1482.679,497.878,42.957
2025-01-13,1875.666,598.396,68.28
2025-01-14,2264.981,750.268,39.411
2025-01-15,1803.57,697.1560000000001,29.781
2025-01-16,2060.201,747.505,55.03
2025-01-17,1207.217,784.049,31.888
2025-01-18,1626.393,667.347,62.327000000000005
2025-01-19,747.017,464.08,55.482
2025-01-20,2257.9120000000003,699.65,71.396
2025-01-21,2199.514,670.4830000000001,65.289
2025-01-22,3257.067,692.508,56.32000000000001
2025-01-23,1560.983,666.169,60.197
2025-01-24,1817.855,778.689,38.831
2025-01-25,1541.952,789.491,78.706
2025-01-26,915.503,506.553,85.318
2025-01-27,2408.272,651.642,50.594
2025-01-28,1983.239,627.606,40.457
2025-01-29,2379.052,678.697,20.298000000000002
2025-01-30,1686.462,690.7090000000001,39.782000000000004
2025-01-31,1600.807,709.863,54.061
2025-02-01,1721.375,674.825,38.341
2025-02-02,1260.041,546.594,60.129000000000005
2025-02-03,1822.797,676.58,37.592
2025-02-04,1752.905,669.92,17.647000000000002
2025-02-05,2183.199,652.93,20.978
2025-02-06,1833.111,623.256,31.364
2025-02-07,1473.1779999999999,648.069,91.022
2025-02-08,1244.9,633.8340000000001,49.443
2025-02-09,1281.157,499.277,44.328
2025-02-10,1482.048,636.606,59.954
2025-02-11,1981.102,657.523,29.617
2025-02-12,1553.025,639.019,34.863
2025-02-13,1665.2740000000001,669.04,44.507000000000005
2025-02-14,1548.467,709.219,48.802
2025-02-15,1163.713,593.32,42.324
2025-02-16,889.043,500.597,40.288000000000004
2025-02-17,1248.805,622.445,45.293
2025-02-18,2700.79,628.875,35.254999999999995
2025-02-19,1452.968,598.2379999999999,63.732000000000006
2025-02-20,2211.9230000000002,655.184,67.639
2025-02-21,1279.614,592.998,30.197000000000003
2025-02-22,1159.617,693.736,37.151
2025-02-23,604.222,483.618,57.022
2025-02-24,2540.817,603.763,55.715
2025-02-25,1315.7540000000001,584.991,33.653000000000006
2025-02-26,2132.462,690.959,53.788
2025-02-27,2111.737,784.982,50.448
2025-02-28,1585.126,857.393,72.301
2025-03-01,1170.563,737.678,61.951
2025-03-02,580.251,431.123,27.582
2025-03-03,707.883,478.563,58.885000000000005
2025-03-04,611.075,527.97,30.580000000000002
2025-03-05,2243.712,681.3,57.955
2025-03-06,1591.397,654.807,74.32900000000001
2025-03-07,1563.278,587.105,51.716
2025-03-08,1377.2160000000001,684.712,40.43
2025-03-09,1530.949,433.921,41.229
2025-03-10,1401.439,647.191,39.068000000000005
2025-03-11,2245.0549,639.815,31.14
2025-03-12,1751.742,695.147,57.144999999999996
2025-03-13,1821.8,596.253,50.614000000000004
2025-03-14,1915.738,691.034,69.584
2025-03-15,961.543,712.0260000000001,47.089
2025-03-16,952.554,490.786,34.211000000000006
2025-03-17,1807.1580000000001,577.4250000000001,26.298000000000002
2025-03-18,3575.147,677.6560000000001,26.083
2025-03-19,2042.285,667.575,58.448
2025-03-20,2603.137,633.542,68.393
2025-03-21,1323.285,702.244,37.858000000000004
2025-03-22,2004.316,778.231,73.243
2025-03-23,645.563,465.223,32.008
2025-03-24,2328.864,604.7180000000001,58.576
2025-03-25,2077.973,596.779,44.988
2025-03-26,2273.471,763.397,27.615000000000002
2025-03-27,2144.134,624.3960000000001,42.138000000000005
2025-03-28,1928.517,595.066,45.589
2025-03-29,966.871,638.2230000000001,49.656
2025-03-30,1035.732,391.579,52.147
2025-03-31,2214.863,607.8100000000001,24.298000000000002
2025-04-01,1825.722,715.8820000000001,11.725999999999999
2025-04-02,1995.893,579.338,23.999000000000002
2025-04-03,2228.991,643.4490000000001,68.73100000000001
2025-04-04,2452.463,694.789,19.857
2025-04-05,1947.16,619.5400000000001,49.001000000000005
2025-04-06,819.015,436.351,46.91
2025-04-07,1704.909,619.201,13.886000000000001
2025-04-08,1831.82,607.455,35.746
2025-04-09,1811.873,671.256,7.142
2025-04-10,1838.963,602.716,42.397000000000006
2025-04-11,1681.108,682.908,10.289000000000001
2025-04-12,1812.653,682.281,83.289
2025-04-13,815.8580000000001,538.899,49.443
2025-04-14,2078.797,875.291,59.97
2025-04-15,2103.169,673.391,32.732
2025-04-16,2029.626,717.476,40.681
2025-04-17,1604.705,661.556,35.205000000000005
2025-04-18,819.743,605.066,68.227
2025-04-19,952.3290000000001,482.44800000000004,122.656
2025-04-20,777.612,486.22,28.384
2025-04-21,1621.842,617.731,70.846
2025-04-22,1811.805,614.657,27.362000000000002
2025-04-23,2430.679,703.442,43.3
2025-04-24,2645.782,633.392,46.198
2025-04-25,1519.477,627.597,80.363
2025-04-26,1361.512,671.48,44.851
2025-04-27,480.045,523.187,29.400000000000002
2025-04-28,1459.708,596.479,62.486000000000004
2025-04-29,2024.096,691.942,43.029
2025-04-30,1609.499,668.177,53.685
2025-05-01,1693.855,666.787,29.031000000000002
2025-05-02,2496.469,607.282,102.872
2025-05-03,1111.9470000000001,697.873,12.8
2025-05-04,520.624,455.821,48.692
2025-05-05,1689.602,705.588,38.202
2025-05-06,1794.808,571.358,39.7
2025-05-07,1589.099,601.948,12.442
2025-05-08,1947.693,823.074,73.21300000000001
2025-05-09,1485.752,606.9110000000001,74.322
2025-05-10,1466.401,761.367,59.876000000000005
2025-05-11,416.222,615.833,95.778
2025-05-12,1686.8700000000001,786.961,66.802
2025-05-13,1588.239,668.801,30.125999999999998
2025-05-14,2626.545,692.835,32.510999999999996
2025-05-15,1369.497,674.137,37.84
2025-05-16,1884.849,716.46,63.987
2025-05-17,654.4540000000001,637.693,47.065999999999995
2025-05-18,1173.112,467.669,54.342
2025-05-19,2649.5190000000002,694.877,39.927
2025-05-20,1941.926,684.137,27.761000000000003
2025-05-21,2115.309,617.059,36.891
2025-05-22,1814.892,697.525,76.803
2025-05-23,1477.564,610.035,47.44
2025-05-24,1122.121,784.347,87.427
2025-05-25,832.8040000000001,476.726,67.63
2025-05-26,1561.125,667.209,22.059
2025-05-27,1904.594,654.029,46.158
2025-05-28,1804.4160000000002,587.38,50.105
2025-05-29,1552.814,655.956,39.107
2025-05-30,1588.902,746.001,49.35
2025-05-31,1564.569,845.97,46.519
2025-06-01,861.774,453.188,88.796
2025-06-02,1644.827,671.028,22.297
2025-06-03,2796.712,560.816,41.31
2025-06-04,1662.1580000000001,604.021,67.574
2025-06-05,2485.587,617.194,90.325
2025-06-06,1339.371,765.1,64.322
2025-06-07,1842.694,589.494,57.723
2025-06-08,449.976,470.822,45.742000000000004
2025-06-09,1958.0130000000001,709.308,58.007
2025-06-10,1844.89,644.655,44.297
2025-06-11,1975.892,586.408,125.03
2025-06-12,1969.304,683.1990000000001,28.676
2025-06-13,1443.105,684.26,43.03
2025-06-14,1116.545,734.865,39.272
2025-06-15,918.129,480.181,85.359
2025-06-16,2291.327,709.106,50.461
2025-06-17,1523.895,652.847,31.281
2025-06-18,2112.242,672.109,60.144999999999996
2025-06-19,1546.898,700.819,37.452
2025-06-20,1699.551,719.3480000000001,89.29299999999999
2025-06-21,1505.594,630.287,78.825
2025-06-22,585.665,520.069,85.051
2025-06-23,1584.715,654.5360000000001,34.976
2025-06-24,1852.601,651.128,50.501999999999995
2025-06-25,1806.4850000000001,652.464,62.95
2025-06-26,2396.893,744.07,27.304
2025-06-27,1496.363,753.795,94.898
2025-06-28,1695.791,647.9010000000001,88.473
2025-06-29,923.372,479.056,78.785
2025-06-30,1684.5529999999999,617.297,44.712
2025-07-01,2718.996,650.467,42.858000000000004
2025-07-02,1927.186,620.014,51.237
2025-07-03,1719.34,843.077,63.747
2025-07-04,1507.263,818.773,94.81
2025-07-05,1681.876,619.839,65.911
2025-07-06,585.535,474.488,61.905
2025-07-07,1480.196,796.0070000000001,65.32000000000001
2025-07-08,2041.916,640.969,46.969
2025-07-09,2090.734,563.046,41.447
2025-07-10,2547.383,733.059,84.384
2025-07-11,1308.335,741.37,84.775
2025-07-12,1888.55,750.537,100.878
2025-07-13,801.986,531.844,65.235
2025-07-14,1602.725,630.071,57.063
2025-07-15,1734.5420000000001,712.098,34.486
2025-07-16,2185.678,693.522,58.217
2025-07-17,1652.152,627.794,75.859
2025-07-18,1757.818,688.658,41.104
2025-07-19,1105.686,768.873,63.531
2025-07-20,943.054,488.801,64.49
2025-07-21,1417.254,651.867,79.943
2025-07-22,3039.407,649.933,22.695
2025-07-23,1734.308,638.701,56.992
2025-07-24,1726.294,656.27,47.633
2025-07-25,1766.921,659.146,66.929
2025-07-26,1438.669,603.503,36.515
2025-07-27,1093.579,475.72,45.602999999999994
2025-07-28,1573.6480000000001,653.334,67.32000000000001
2025-07-29,2391.402,664.721,59.492999999999995
2025-07-30,1683.589,521.483,88.428
2025-07-31,2101.281,780.366,37.945
2025-08-01,1253.6870000000001,600.63,141.532
2025-08-02,1393.8,697.707,78.286
2025-08-03,1148.642,515.748,42.92
2025-08-04,1761.318,513.299,54.278999999999996
2025-08-05,2481.357,597.45,49.104
2025-08-06,1748.082,672.26,56.0
2025-08-07,1714.735,700.113,79.981
2025-08-08,1850.637,630.57,112.392
2025-08-09,1195.945,762.183,72.14999999999999
2025-08-10,654.439,580.511,59.882
2025-08-11,1563.8990000000001,554.984,35.522999999999996
2025-08-12,1602.549,643.132,11.766
2025-08-13,1874.614,667.285,80.747
2025-08-14,2060.671,718.787,53.485
2025-08-15,1905.919,699.928,48.1
2025-08-16,1108.573,773.668,76.44
2025-08-17,801.087,520.64,60.377
2025-08-18,1523.428,655.388,46.352000000000004
2025-08-19,1574.14,620.264,52.277
2025-08-20,1731.427,613.306,92.072
2025-08-21,1122.821,686.479,100.256
2025-08-22,1800.165,658.136,114.415
2025-08-23,821.3190000000001,711.737,126.733
2025-08-24,2005.984,621.538,106.006
2025-08-25,1994.896,556.58,86.027
2025-08-26,1352.223,725.343,51.602000000000004
2025-08-27,1771.357,658.708,60.288000000000004
2025-08-28,2114.313,711.751,72.939
2025-08-29,1640.224,712.527,75.773
2025-08-30,1762.922,858.1279999999999,132.109
2025-08-31,525.3,542.16,63.911
2025-09-01,2131.7870000000003,736.239,82.88600000000001
2025-09-02,1983.9180000000001,638.787,79.651
2025-09-03,2518.05,754.458,77.098
2025-09-04,1917.257,632.206,74.8
2025-09-05,1909.781,777.119,92.628
2025-09-06,1402.709,775.0989999999999,133.319
2025-09-07,1075.358,463.178,80.387
2025-09-08,1685.45,692.045,88.19500000000001
2025-09-09,2418.863,615.266,49.577
2025-09-10,1591.98,794.621,39.095
2025-09-11,1831.71,801.635,158.697
2025-09-12,2745.752,705.9920000000001,112.45700000000001
2025-09-13,1285.119,758.993,162.914
2025-09-14,698.018,610.0,139.866
2025-09-15,2546.061,630.561,99.744
2025-09-16,1899.5729999999999,580.994,75.846
2025-09-17,1985.396,761.311,104.459
2025-09-18,2515.4610000000002,808.751,119.088
2025-09-19,1878.749,771.751,111.359
2025-09-20,2530.66,865.5070000000001,50.387
2025-09-21,723.979,639.773,124.438
2025-09-22,1479.489,495.25800000000004,70.62
2025-09-23,1796.262,352.956,21.191
2025-09-24,1645.658,486.552,35.147999999999996
2025-09-25,1979.533,541.808,136.446
2025-09-26,1501.749,549.425,104.572
2025-09-27,1268.331,670.9490000000001,92.993
2025-09-28,663.359,502.456,56.272
2025-09-29,1761.401,619.503,53.323
2025-09-30,2270.69,692.081,55.122
2025-10-01,1346.06,664.541,128.218
2025-10-02,2027.755,614.044,79.101
2025-10-03,1891.499,710.991,96.176
2025-10-04,1621.9080000000001,811.4390000000001,131.756
2025-10-05,400.036,553.2760000000001,96.473
2025-10-06,1600.892,640.638,111.761
2025-10-07,2096.491,664.557,35.809
2025-10-08,1973.542,718.94,80.078
2025-10-09,2210.879,631.522,88.968
2025-10-10,1267.815,657.868,131.432
2025-10-11,944.811,736.5210000000001,124.8
2025-10-12,733.455,167.576,124.799
2025-10-13,1414.159,425.293,46.413
2025-10-14,1680.8670000000002,628.018,80.801
2025-10-15,1416.279,717.794,98.627
2025-10-16,1632.784,796.515,46.267
2025-10-17,955.132,665.659,93.269
2025-10-18,2007.095,695.874,151.177
2025-10-19,786.723,515.546,105.895
2025-10-20,1810.232,607.248,108.81099999999999
2025-10-21,2241.329,581.294,93.64
2025-10-22,2155.2599999999998,703.263,95.459
2025-10-23,1825.9470000000001,616.04,89.587
2025-10-24,2082.3469999999998,755.5840000000001,123.388
2025-10-25,1805.709,648.423,86.428
2025-10-26,1192.019,484.159,111.074
2025-10-27,1931.843,555.489,43.067
2025-10-28,2141.326,767.371,36.224000000000004
2025-10-29,2311.699,631.015,73.25200000000001
2025-10-30,1796.323,774.276,96.047
2025-10-31,2013.635,732.42,101.99000000000001
2025-11-01,1422.971,866.307,123.043
2025-11-02,695.172,641.322,109.901
2025-11-03,1430.483,526.55,73.753
2025-11-04,1522.95,515.659,46.964
2025-11-05,2172.465,688.775,79.651
2025-11-06,2249.611,644.059,105.208
2025-11-07,1951.108,706.107,97.634
2025-11-08,1493.468,623.391,82.425
2025-11-09,1220.789,516.774,76.218
2025-11-10,1781.3220000000001,627.153,87.06
2025-11-11,2094.897,696.879,85.746
2025-11-12,2657.194,742.89,79.021
2025-11-13,1697.7930000000001,678.951,95.751
2025-11-14,1663.1589999999999,716.0450000000001,127.646
2025-11-15,1670.52,777.679,90.33099999999999
2025-11-16,471.483,589.783,121.654
2025-11-17,0.124,118.745,14.932
